Word,Frequency
marks,1
years,6
since,1
devastating,1
attack,1
#pearlharbor,1
never,2
forget,2
sacrifices,1
made,2
service,5
members,2
civilians,1
lost,4
lives,4
fight,6
freedom,3
httpstcohyahdlz,1
fla,4
#paycheckprotectionprogram,1
major,3
success,1
saving,1
m,2
jobs,1
through,2
b,1
loans,1
small,5
biz,3
ppp,1
set,1
restart,1
bipartisan,3
#covid,16
relief,14
bill,4
few,2
defrauded,1
program,1
prosecuted,1
httpstcowypmkqat,1
orlando,1
residents,6
if,3
youre,2
struggling,2
pay,2
rent,1
because,2
may,3
eligible,1
assistance,5
citys,1
rental,2
programnnthese,1
your,8
federal,9
#caresact,6
dollars,5
work,12
community,8
more,9
information,2
go,2
httpstcoyealodqre,1
httpstcoawpmsdlun,1
felicidades,2
uagbecerrau,1
hes,1
nd,2
hispanic,2
nominated,1
joebiden,5
ucabinet,1
hhsgovu,1
sec,2
hell,1
help,11
defeat,2
increase,1
healthcare,3
access,4
americans,8
amp,53
improve,1
health,6
disparities,1
among,1
communities,9
color,2
httpstcogzgekgvmzv,1
victory,1
immigrant,2
congress,7
pass,3
#dreamandpromiseact,1
provide,4
permanent,1
pathway,1
citizenship,1
#dreamers,1
already,5
make,3
america,6
american,11
daca,1
#heretostay,1
httpstcomozoimuo,1
met,2
unite,1
here,1
local,5
labor,1
organizations,1
discuss,2
#covidvaccine,2
food,1
worker,1
safety,2
stand,2
unions,1
look,5
forward,4
continuing,1
efforts,2
#buildbackbetter,6
workers,6
mind,1
httpstcoiyzzlvevvm,1
florida,8
voters,1
legalized,1
medical,1
marijuana,2
states,1
adult,1
time,13
remove,1
criminal,2
prohibitions,1
against,1
cast,1
vote,2
#wewantmore,1
act,12
#endcannabisprohibition,1
httpstcopzobastfs,1
essential,2
backbone,1
nation,9
preselect,12
bidens,3
plan,7
ensures,1
working,2
families,9
treated,1
times,2
crisis,7
wages,1
stronger,1
benefits,1
fair,1
safe,6
workplaces,1
httpstcozqqqjvsgy,1
honored,4
serve,2
con,1
mi,1
familia,1
boricua,1
represent,1
advocate,1
issues,2
affecting,1
puerto,3
ricans,2
latinos,1
around,1
httpstcoqjycujcfc,1
ago,2
epa,1
established,1
protect,3
preserve,3
environment,2
human,1
next,2
vital,1
agency,1
pledge,1
#restoreepas,1
core,1
values,1
recommit,1
#solvingtheclimatecrisis,1
#epaat,1
httpstcovxehnvxiv,1
central,7
floridians,5
need,5
washington,1
dc,2
continue,6
push,1
compromise,1
stimulus,3
package,3
businesses,2
across,4
holidays,1
httpstcomsckuboqm,1
millions,4
#medicaid,4
ends,1
meet,3
least,1
ensure,4
receive,2
vaccine,4
outofpocket,1
cost,2
#hapiact,2
save,5
countrynhttpstcoaacyzouj,1
great,5
meeting,1
advisory,3
committee,2
week,1
discussed,1
joebidens,1
address,3
restore,3
#daca,2
#tps,1
expedite,2
pr,1
disaster,2
reform,4
#mmp,1
stop,3
separating,1
httpstcowpjchc,1
arecibo,1
observatory,1
telescope,1
helped,1
view,2
far,2
away,2
worlds,2
identify,2
meteors,2
could,2
threaten,2
earth,2
inspire,1
generation,1
pursue,1
space,1
stem,1
careers,1
unsfu,1
ucf,2
rebuild,1
develop,2
mission,3
httpstcovetydru,1
juliegargotta,3
hence,1
sotos,1
justintroduced,1
hapi,2
helping,1
adults,1
immunity,1
httpstcowhqszivlznnrepdarrensoto,1
according,1
flhospitalassn,1
million,3
lowincome,1
individuals,1
covered,1
#florida,1
nnit,1
rosa,1
parks,1
simple,1
defiance,1
ignited,1
civil,1
rights,1
movement,1
when,3
she,2
refused,1
give,1
up,1
her,3
bus,1
seat,1
white,3
passenger,1
nntoday,1
remember,2
bravery,1
courage,1
many,3
others,2
equality,3
#rosaparksday,1
httpstcokjzoqhunch,1
too,1
rural,1
urban,1
tribal,1
bearing,1
brunt,1
#climatecrisis,3
bidenharris,4
administration,3
ready,4
#environmentaljustice,1
right,2
wrongs,1
most,1
impacted,2
pollution,1
httpstcoajifbbgdb,1
httpstcoghkoovo,1
#worldaidsday,1
weve,1
living,1
disease,1
together,8
#endthestigma,1
support,2
care,1
eradicate,1
hiv,1
lifetime,1
testing,3
visit,1
httpstcoshkiuwwijh,1
httpstcozyhtfdgkz,1
curbing,1
chatted,1
w,1
repdarrensoto,7
before,3
he,3
heads,1
about,4
justproposed,1
nnthe,1
would,4
thank,7
mifamiliavota,1
wonderful,1
opportunity,2
speak,1
students,1
tchswolves,1
damaging,1
effects,1
#climatechange,1
combat,2
owe,1
youth,1
clean,2
#actonclimate,2
httpstcozvdtapay,1
publicradiogirl,2
heres,2
update,1
star,2
motel,1
marketplacespoke,1
manager,1
sarah,1
russo,1
resident,1
mike,1
beaver,1
osceolaco,1
there,4
one,5
prepared,3
qualified,2
than,5
janetyellen,1
lead,1
ustreasury,1
critical,2
moment,1
treasury,1
secretary,2
alongside,1
presidentelect,8
invest,2
build,1
economy,4
better,3
httpstconktssv,1
house,5
passed,2
two,1
versions,1
#heroesact,1
deliver,3
urgentlyneeded,1
republicans,3
playing,1
politics,1
enact,1
updated,1
heroes,4
immediately,2
counting,1
nhttpstcotjclypwh,1
fighting,1
soul,1
clear,3
police,1
legislation,1
strengthen,2
americas,2
commitment,1
justice,2
system,1
httpstcomqdvmewff,1
notice,3
housing,2
cityofkissimmee,1
apply,3
mortgage,1
unemployed,1
underemployed,1
due,1
communityhttpstcomsorzcouzg,1
httpstcoozecxtd,1
hiked,2
#shinglecreek,1
osceolacountyfl,5
xena,2
#pandemic,2
another,3
reminder,3
enjoy,2
outdoors,2
safely,2
environmental,3
treasures,2
#lwcf,2
httpstcoscbgeqdct,1
shops,1
#fl,1
open,1
business,2
long,1
owner,1
know,1
takes,1
continued,3
successnnso,1
#shopsmallxaand,1
#shopsafe,1
#smallbusinesssaturday,1
httpstcoomlzwlylv,1
#twinoaks,1
httpstcoxovcacdzcz,1
#coronavirus,5
put,1
danger,1
losing,1
homes,1
district,3
provided,1
thousands,1
emergency,2
uosceolacountyfl,1
rehousing,1
center,2
httpstcovxacejiags,1
first,4
out,2
late,1
dec,1
nursing,1
home,1
st,2
responders,1
teachers,1
seniors,1
conditions,1
prioritized,1
free,3
general,1
public,1
apr,1
#unitedwestand,2
httpstcobdrodgsse,1
thanksgiving,2
anticipation,1
thanksgivings,1
come,6
dream,1
again,2
commit,2
ourselves,3
only,2
think,1
but,3
well,3
said,3
mr,1
#happythanksgiving,1
httpstcobsciizgxjq,1
wmfeorlando,1
story,1
#starmotel,1
kissimmee,4
marketplace,1
commi,1
bpcbipartisan,1
pray,1
year,3
breaks,1
fever,2
coronavirus,2
also,2
hyperpartisanship,1
repdarr,1
salvationarmyus,1
salvationarmy,2
peggychoudhry,1
proud,2
rep,2
soto,2
giving,1
turkeys,1
pm,1
#thanksgiving,2
info,1
below,2
httpstcowozezsl,1
uffederal,1
hosted,1
number,1
uf,1
interns,1
focuses,1
resolving,1
throughout,2
stemk,2
bye,1
rocket,2
spacex,3
nasa,2
#spacex,1
#rocket,1
#nasa,1
#launch,1
#kissimmee,1
#backyardlaunch,1
httpstcoeictbzav,1
tonight,3
protecting,1
river,1
everglades,1
reef,1
transition,5
httpstcondqrvix,1
jasongrumet,1
family,3
yours,1
wishing,1
everyone,1
meaningful,2
weeknnthanks,1
particip,1
honor,4
hainescitys,2
favorite,1
son,1
nfl,1
derwinjames,1
meal,1
httpstcocjwqyzvm,1
science,2
making,4
comeback,2
joe,2
biden,7
vice,2
kamala,2
harris,2
always,1
listen,2
scientists,2
efficacy,1
decisions,1
deserve,1
consistent,1
evidencebased,1
guidance,1
httpstcoyxtuahwj,1
#teamsoto,1
present,1
mayor,1
brokerjose,1
certificate,1
congressional,1
recognition,1
invaluable,1
contributions,1
communitynnwe,1
seeing,1
leadership,4
beyond,1
httpstcooifqiw,1
fldaily,1
wants,2
#vaccines,1
medicaidgov,1
recipientsnhttpstconxxbrpbprn#darrensoto,1
https,1
usgsa,2
green,1
lights,1
#bidentransition,1
begin,4
best,1
interest,2
country,2
security,2
democracy,4
httpstcouepbuuztnl,1
alimayorkas,1
history,2
latino,1
dhsgov,1
httpstcoygxrddvne,1
ablinken,1
crisistested,1
leader,1
place,1
world,1
relationships,1
allies,1
keep,3
adversaries,1
check,3
renew,1
global,1
httpstcouhxtrqisn,1
#harveymilk,1
breakfast,1
lgbt,1
diversity,1
award,1
person,1
remain,1
committed,1
advocating,1
full,1
entire,1
#lgbtq,1
ud,2
httpstcosiepwzkg,1
individual,1
orange,2
county,2
round,1
onetime,1
checks,1
tomorrow,3
starting,2
am,1
nnthese,1
httpstcoegmybz,1
httpstcoxrcobrt,1
ugsaemilyu,1
approve,1
ujoebidenu,2
failure,1
violates,1
law,1
hurts,1
creates,1
national,3
risk,3
uusgsau,1
httpstcojbzetcjssu,1
#puertorico,2
voted,4
statehood,1
senators,1
reps,1
promesa,1
covid,3
response,3
write,1
chapter,1
#prstatehoodnow,1
httpstcocevrpihtcd,1
concur,1
leaderhoyer,1
false,1
accusations,1
massive,1
voter,1
fraud,2
pressuring,1
state,3
legislators,1
overturn,1
popular,1
refusal,1
power,2
whole,1
crossed,1
line,1
#protectourvotes,1
#saveamerica,1
httpstcofnwdcqequ,1
several,1
alleged,1
shadow,1
candidate,1
conspiracies,1
election,2
leg,1
races,1
like,1
obvious,1
corruption,1
cases,3
admin,1
ufbiu,1
uthejusticedeptu,2
investigate,1
january,1
httpstcovwjmqiblf,1
soon,3
outlandish,1
lies,1
urealdonaldtrumpu,1
venezuelans,1
fade,1
ujoebidenus,1
action,2
#venezuelatps,2
ubacking,1
interim,1
pres,2
ujguaidou,1
coordinating,1
unified,1
unu,1
#venezuelalibre,1
httpstcobhcrwdjf,1
introduced,1
patients,1
vaccines,5
encourage,1
vaccinated,1
virus,2
bring,2
prosperity,1
httpstcozsanuyehuy,1
joseadelgadoend,1
darren,1
propone,1
asegurar,1
que,1
la,1
vacuna,1
del,1
sea,1
gratis,1
bajo,1
medicaid,1
httpstcomtotikcosy,1
tackle,1
farreaching,1
investments,1
inn,1
infrastructuren,1
electric,1
cardsn,1
transitn,1
renewable,1
energyn,1
buildingsn,1
housingnand,1
httpstcokcnbfly,1
httpstcolbxvlkzrj,1
repdwstweets,1
#teamdws,1
httpstcoqhrbyrhej,1
#transdayofremembrance,1
memory,1
despicable,1
violence,1
discrimination,1
murder,1
ever,1
transgender,1
inclusive,1
bigotry,1
hate,1
httpstcosjisayxdmb,1
nsf,1
#areciboobservatory,1
possible,1
repjenniffer,1
asking,2
agencies,1
salvage,1
iconic,1
structure,1
distant,1
httpstcowqevotov,1
advance,1
apprenticeship,2
proposal,1
create,1
opportunities,1
building,1
workforce,1
face,1
pandemic,8
httpstcoeynbmob,1
disproportionately,1
both,1
itself,1
economic,4
impacts,1
resources,1
recover,1
httpstcozvfbkgrak,1
appear,1
old,1
judge,1
deemed,1
abaesq,1
lacking,1
trial,1
experience,2
cannot,1
sworn,1
enough,1
httpstcoqmhyhmd,1
suffering,1
rising,2
democratic,3
majority,4
twice,2
deny,1
delay,1
livelihoods,1
httpstcoeufrqrsl,1
whip,1
friend,2
colleague,1
mentor,1
jim,1
clyburn,1
supported,1
nomination,1
steadfast,1
caucus,1
httpstcoaqqqbwqxhw,1
climate,3
change,1
ballot,1
people,3
loud,1
take,1
real,2
nrdems,1
httpstcojxbkjoelt,1
entrepreneurs,1
devastated,1
main,1
street,1
feet,1
carry,1
httpstcotcjgwgn,1
httpstcovrloputoc,1
laws,1
uhousedemocratsu,1
th,2
legislature,1
date,1
failed,1
single,1
wait,1
until,2
dereliction,1
duty,1
httpstcosapbojfpi,1
day,2
sign,2
key,1
executive,1
orders,2
rejoin,1
#parisclimateaccord,1
#who,1
end,2
#muslimtravelban,1
expect,1
addl,1
hurricane,1
funds,3
grant,1
yes,1
httpstcohhltoqklzd,1
facing,1
unprecedented,1
urgent,2
robust,1
professional,1
spread,1
deadly,1
double,1
treatments,1
available,1
httpstconjmvxdcse,1
december,1
#getcovered,1
httpstcoczdukwbvcm,1
n,1
nduring,1
seen,1
how,1
important,2
affordable,1
quality,1
coverage,2
dont,1
miss,1
secure,1
httpstcoxkzaixkn,1
praying,1
nicaragua,1
honduras,1
#hurricaneiota,1
makes,1
landfall,1
usaid,1
assist,1
friends,1
preparation,1
recovery,1
httpstcowxphrmu,1
ga,1
blows,1
whistle,1
republican,1
effort,1
pressure,1
him,1
discard,1
legal,1
votes,1
dangerous,1
crusade,2
borders,1
treason,1
fail,1
institutions,1
strong,2
investigation,1
necessary,1
httpstcojywqehinz,1
under,2
control,1
infrastructure,1
tech,1
manufacturing,1
energy,1
boost,2
httpstconaumavaej,1
lifeline,1
yet,2
counties,2
cities,2
still,3
waiting,1
nnwere,1
calling,1
govrondesantis,3
release,2
httpstcojcezjrwcl,1
umodernatxu,1
becomes,1
company,1
after,1
upfizeru,1
promising,1
nearly,2
effective,2
rate,1
preliminary,1
analysis,2
httpstcohjhggsrsmy,1
httpstcoorjhpffk,1
thrilled,1
see,3
#crew,3
liftoff,1
nasakennedy,1
cape,1
canaveral,1
congrats,1
astronauts,1
successful,1
launch,4
inspiring,1
#launchamerica,1
#dragon,1
httpstcotgmsuycpyl,1
repbillflores,1
urepdarrensotou,1
unasau,1
uspacexu,1
launchday,1
httpstcojubjejzq,1
astrosuni,1
pleasure,1
youud,1
#crewdragon,1
#launchday,1
httpstcodcoggzw,1
realdonaldtrump,1
admits,1
won,1
official,1
needs,1
httpstcoxatjbrlzt,1
wish,1
constituents,1
happy,3
#diwali,1
celebrate,1
harvest,1
beginnings,1
triumph,1
good,3
over,2
evil,1
light,1
darkness,1
photos,1
prior,1
httpstcoudfggagaa,1
flapol,1
released,1
some,1
cares,2
money,2
intended,1
darrensoto,1
leads,1
ca,1
garywhite,2
democrats,1
letter,1
remaining,1
co,1
received,1
briefing,1
morning,1
ahead,2
crew,1
dragon,1
include,1
woman,1
astronaut,1
shannon,1
walker,1
soil,1
ten,1
httpstcozvnvzile,1
partnership,1
means,1
delivering,1
extraordinary,2
progress,1
willnbeat,1
covidnfight,1
recoverynadvance,1
racial,1
equityntackle,1
changen#buildbackbetter,1
httpstcotonnltdn,1
concerning,1
numbers,1
please,2
wear,1
mask,1
practice,1
social,1
distancing,1
experts,1
tough,1
months,1
start,1
distributing,1
part,1
each,1
httpstcoxclorczawj,1
heal,1
challenges,1
faces,1
read,1
httpstcoufdhuuuyb,1
unrdemsu,1
member,1
indigenous,1
peoples,1
subcmte,1
brings,1
pride,1
native,1
veterans,4
memorial,1
become,1
reality,1
stories,1
told,1
recognized,1
remembered,1
httpstcocusqxvciv,1
attend,1
#veteransday,2
event,1
salute,1
brave,2
served,2
attendance,1
httpstcoeidnyetxg,1
tropical,1
storm,1
warning,1
parts,1
winds,1
heavy,1
rains,1
isolated,1
tornadoes,1
monitor,1
situation,1
stay,1
httpstcopywdtjydi,1
philliparroyo,1
dad,1
republic,1
being,1
hero,1
dayn,1
nmuch,1
thanks,1
arroyo,1
behalf,1
grateful,1
men,2
women,2
rico,1
areas,1
answered,1
call,1
defend,1
homeland,1
httpstcoxqaylefkb,1
friendly,1
suing,1
repeal,1
obamacare,1
during,1
even,1
conservative,1
supreme,1
court,1
appeared,1
poised,1
reject,1
cruel,1
httpstcodjzwiidc,1
cointroduces,1
fema,1
loan,1
payment,1
which,1
reimburse,1
governments,1
e,1
birthday,1
usmc,1
marine,1
corps,1
nna,1
special,1
congratulations,2
constituent,1
lou,1
fought,1
wwii,1
korean,1
war,1
httpstcomlbgjjryg,1
orlandos,1
own,1
loki,1
labs,1
receiving,1
#hirevets,1
medallion,1
awardnngiving,1
glad,1
hiring,1
training,1
#veterans,1
httpstcordkhukud,1
trump,2
incompetently,1
handled,1
k,1
dead,1
sick,1
zero,1
chance,1
changing,1
blocking,1
once,1
puts,1
httpstconyshvr,1
results,1
really,1
quite,1
mean,1
dr,1
fauci,1
trusted,1
delivered,1
quickly,1
fairly,2
httpstcoahsknffd,1
announced,1
top,1
board,1
treatment,1
ppe,1
production,1
natl,1
guidelines,1
tracing,1
strategy,1
distribute,1
#stopcovid,1
httpstcowstovoy,1
